[

    {

        "RideName": "sin",

        "RideImage": "https://fakestoreapi.com/img/81fPKd-2AYL._AC_SL1500_.jpg",

        "Amount": "599",

        "AgeGroup": "0-5",
        
        "Date": "2023-06-12",

        "TimeSlot": [

            "10-12",

            "5-7",

            "4-5"

        ]

    },

    {

        "RideName": "cos",

        "RideImage": "https://fakestoreapi.com/img/71YXzeOuslL._AC_UY879_.jpg",

        "Amount": "799",

        "AgeGroup": "0-5",

        "Date": "2023-06-12",

        "TimeSlot": [

            "10-12",

            "5-7",

            "4-5"

        ]

    },

    {

        "RideName": "ohm",

        "RideImage": "https://fakestoreapi.com/img/61sbMiUnoGL._AC_UL640_QL65_ML3_.jpg",

        "Amount": "449",

        "AgeGroup": "0-5",

        "Date": "2023-06-12",

        "TimeSlot": [

            "10-12",

            "5-7",

            "4-5"

        ]

    },

    {

        "RideName": "Gaama",

        "RideImage": "https://fakestoreapi.com/img/51UDEzMJVpL._AC_UL640_QL65_ML3_.jpg",

        "Amount": "649",

        "AgeGroup": "0-5",

        "Date": "2023-06-12",

        "TimeSlot": [

            "10-12",

            "5-7",

            "4-5"

        ]

    },

    {

        "RideName": "Beta",

        "RideImage": "https://fakestoreapi.com/img/71kWymZ+c+L._AC_SX679_.jpg",

        "Amount": "1099",

        "AgeGroup": "0-5",

        "Date": "2023-06-12",

        "TimeSlot": [

            "10-12",

            "5-7",

            "4-5"

        ]

    },

    {

        "RideName": "Alpha",

        "RideImage": "https://fakestoreapi.com/img/61mtL65D4cL._AC_SX679_.jpg",

        "Amount": "399",

        "AgeGroup": "0-5",

        "Date": "2023-06-12",

        "TimeSlot": [

            "10-12",

            "5-7",

            "4-5"

        ]

    }

]